,Iterations,Training Loss,Validation Loss,Training Accuracies,Validation Accuracies,Training AUCs,Validation AUCs
0,100.0,1.4634966921357258,1.2098847457168889,0.8224942616679418,0.8256880733944955,0.3442416193064821,0.28722794959908365
1,200.0,1.463659315581793,1.2099796516141124,0.8224942616679418,0.8256880733944955,0.3442725063833292,0.28722794959908365
2,500.0,1.4626143557430076,1.2090948975042441,0.8224942616679418,0.8256880733944955,0.3443342805370233,0.2872279495990836
3,1000.0,1.4612395057615182,1.2083065884308306,0.8217291507268554,0.8256880733944955,0.3443651676138703,0.28732340588010685
4,1500.0,1.4614532905669633,1.208930205031025,0.8217291507268554,0.8256880733944955,0.34426735853718804,0.2868461244749904
