,Iterations,Training Loss,Validation Loss
0,100.0,1.4618819804572203,1.2085550346556428
1,200.0,1.4608908682227233,1.2075886168374848
2,500.0,1.4577791218701437,1.2048200821313266
3,1000.0,1.452717379106953,1.200796606036427
4,1500.0,1.4481045137139301,1.1966957444919535
