,Iterations,Training Loss,Validation Loss
0,100.0,0.46926795629229767,0.43865944738354196
1,200.0,0.46926795629229767,0.43865944738354196
2,500.0,0.45540244015175463,0.4724402741373685
3,1000.0,0.4495256786612985,0.43362756930686036
4,1500.0,0.4495256786612985,0.43362756930686036
