,Iterations,Training Loss,Validation Loss
0,100.0,0.2493963697299638,0.2909756571027804
1,200.0,0.21818996193735268,0.2870622524839115
2,500.0,0.19079151328650665,0.2960717875726613
3,1000.0,0.17731718212623693,0.31577375768597
4,1500.0,0.1676742892737682,0.3213610048654949
